"model_id","from_state","to_state","probability"
2,"2","2",0.755597302715517
1,"1","2",5.72505479855816e-06
2,"2","0",0.0959177500485272
1,"1","1",0.0563369451046747
2,"2","1",0.148484947235956
1,"1","0",0.943657329840527
2,"0","1",0.753589455515495
1,"0","2",4.51362481189644e-07
2,"0","0",0.00606642844969764
1,"2","0",0.0161313813667792
2,"0","2",0.240344116034807
1,"0","0",0.0343502216541878
2,"1","1",0.134518373995243
1,"2","1",0.119883502008367
2,"1","0",0.629175864911015
1,"2","2",0.863985116624854
2,"1","2",0.236305761093742
1,"0","1",0.965649326983331
