"filtername","filtervalue"
"highpassfilter","-0.7071067811865476, 0.7071067811865476"
"lowpassfilter","0.7071067811865476, 0.7071067811865476"
"ihighpassfilter","0.7071067811865476, -0.7071067811865476"
"ilowpassfilter","0.7071067811865476, 0.7071067811865476"
