"token","idf"
"two","0.405465108108164"
"three","0.405465108108164"
"one","1.09861228866811"
