id,seq,lo,hi
1,1,7.071067811865476e-01,7.071067811865476e-01
1,2,7.071067811865476e-01,-7.071067811865476e-01
