"node_id","node_size","node_gini","node_entropy","node_chisq_pv","node_label","node_majorvotes","split_value","split_gini","split_entropy","split_chisq_pv","left_id","left_size","left_label","left_majorvotes","right_id","right_size","right_label","right_majorvotes","left_bucket","right_bucket","left_label_probdist","right_label_probdist","prob_label_order","attribute"
61,14,1.3265306122449e-01,3.71232326640875e-01,1e+00,3,13,6.30000019073486e+00,1.31868131868132e-01,3.63297594798595e-01,7.73484680980946e-01,123,1,3,1,124,13,3,12,"","","0.50000,0.25000,0.25000","0.81250,0.12500,0.06250","3,2,1",sepal_length
0,120,6.66666666666667e-01,1.58496250072116e+00,1e+00,1,40,3e+00,3.33333333333333e-01,6.66666666666666e-01,0e+00,1,40,1,40,2,80,2,40,"","","0.02326,0.02326,0.95349","0.49398,0.49398,0.01205","3,2,1",petal_length
5,39,4.99671268902038e-02,1.72036949353113e-01,1e+00,2,38,4.90000009536743e+00,3.84615384615385e-02,8.32080127650393e-02,2.7291134097704e-03,11,35,2,35,12,4,2,3,"","","0.02632,0.94737,0.02632","0.28571,0.57143,0.14286","3,2,1",petal_length
30,24,7.98611111111112e-02,2.49882292833186e-01,1e+00,3,23,3.20000004768372e+00,7.73809523809524e-02,2.16552190540511e-01,3.87955122826146e-01,61,14,3,13,62,10,3,10,"","","0.82353,0.11765,0.05882","0.84615,0.07692,0.07692","3,2,1",sepal_width
6,41,9.28019036287924e-02,2.81193796432043e-01,1e+00,3,39,4.90000009536743e+00,8.40474620962426e-02,2.40916755467913e-01,4.92232443463754e-02,13,4,3,3,14,37,3,36,"","","0.57143,0.28571,0.14286","0.92500,0.05000,0.02500","3,2,1",petal_length
14,37,5.25931336742148e-02,1.79256066928321e-01,1e+00,3,36,2.90000009536743e+00,5.18018018018018e-02,1.62085811567472e-01,4.55587679837851e-01,29,13,3,13,30,24,3,23,"","","0.87500,0.06250,0.06250","0.88889,0.07407,0.03704","3,2,1",sepal_width
2,80,5e-01,1e+00,1e+00,2,40,1.70000004768372e+00,7.19199499687304e-02,2.27979833481065e-01,1.11022302462516e+00,5,39,2,38,6,41,3,39,"","","0.04762,0.92857,0.02381"," 0.90909,0.06818,0.02273","3,2,1",petal_width
