id_col,integer_col,smallint_col,bigint_col,decimal_col,float_col,number_col,number2_col,number3_col,byteint_col
2,2,3,4,4.860234,5.313308,5.737,.4643564,.687242,2
1,1,2,2,2.4302342,2.656654,2.869,.232342,.344242,1
3,3,4,8,7.29023424235,7.969962,8.606,.692342,1.0314234,3
