"model_id","state","probability"
2,"1",0.0125407225770736
1,"1",1.30287512417257e-12
2,"0",0.0177919360815455
1,"2",0.99999999997965
2,"2",0.969667341341381
1,"0",1.90467168747642e-11
