"filtername","filtervalue"
"highpassfilter","-0.4829629131445342, 0.836516303737808, -0.2241438680420134,-0.1294095225512604"
"lowpassfilter","-0.1294095225512604, 0.2241438680420134, 0.836516303737808,0.4829629131445342"
"ihighpassfilter","-0.1294095225512604,-0.2241438680420134,0.836516303737808,-0.4829629131445342"
"ilowpassfilter","0.4829629131445342, 0.836516303737808, 0.2241438680420134,-0.1294095225512604"
